{"stats":{"minecraft:killed":{"minecraft:cow":1},"minecraft:custom":{"minecraft:jump":10,"minecraft:time_since_rest":1638,"minecraft:leave_game":1,"minecraft:damage_dealt":130,"minecraft:crouch_one_cm":131,"minecraft:walk_on_water_one_cm":404,"minecraft:sprint_one_cm":5959,"minecraft:play_time":2185,"minecraft:deaths":1,"minecraft:time_since_death":1505,"minecraft:walk_one_cm":7242,"minecraft:sneak_time":27,"minecraft:total_world_time":2185,"minecraft:walk_under_water_one_cm":1656,"minecraft:mob_kills":1,"minecraft:swim_one_cm":2253,"minecraft:fall_one_cm":689,"minecraft:fly_one_cm":1094},"minecraft:picked_up":{"minecraft:beef":3,"minecraft:leather":2}},"DataVersion":3465}